{
  "type": "FeatureCollection",
  "name": "gis.vn",
  "features": [
    {
      "type": "Feature",
      "properties": {
        "ma_xa": "03006",
        "ten_xa": "Sa Pa",
        "sap_nhap": "Hàm Rồng, Ô Quý Hồ, Sa Pả, Cầu Mây, Phan Si Păng, Sa Pa",
        "tru_so": "đang cập nhật",
        "loai": "Phường",
        "cap": 2,
        "stt": 79,
        "dtich_km2": 54.63,
        "dan_so": 22882,
        "matdo_km2": 418.85,
        "ma_tinh": "15",
        "ten_tinh": "Lào Cai"
      },
      "geometry": {
        "type": "MultiPolygon",
        "coordinates": [
          [
            [
              [103.80789500000009, 22.37970800000005],
              [103.80758900000006, 22.37983600000007],
              [103.80747900000006, 22.379895000000033],
              [103.80739200000005, 22.37984700000004],
              [103.80724000000004, 22.37969000000004],
              [103.80717600000008, 22.379617000000053],
              [103.80710000000005, 22.379530000000045],
              [103.80701900000008, 22.37933300000003],
              [103.80694900000009, 22.379136000000074],
              [103.80690300000003, 22.378910000000076],
              [103.80681500000009, 22.378477000000032],
              [103.80678700000004, 22.37836500000003],
              [103.80674000000005, 22.378261000000066],
              [103.80671000000007, 22.378220000000056],
              [103.80659300000008, 22.37806400000005],
              [103.80641700000007, 22.377932000000044],
              [103.80626900000004, 22.37787000000003],
              [103.80610800000005, 22.377853000000073],
              [103.80605500000007, 22.377864000000045],
              [103.80594600000006, 22.377886000000046],
              [103.80587100000008, 22.377932000000044],
              [103.80572600000005, 22.37804200000005],
              [103.80563100000006, 22.37810200000007],
              [103.80555600000008, 22.378149000000064],
              [103.80530700000008, 22.378239000000065],
              [103.80514600000004, 22.378273000000036],
              [103.80493500000006, 22.378287000000057],
              [103.80486000000008, 22.37829000000005],
              [103.80477400000007, 22.378293000000042],
              [103.80466600000005, 22.37831600000004],
              [103.80410400000005, 22.378389000000027],
              [103.80374300000005, 22.378479000000027],
              [103.80333800000005, 22.37866900000006],
              [103.80325800000008, 22.378702000000033],
              [103.80271500000003, 22.378884000000028],
              [103.80251100000004, 22.378981000000067],
              [103.80249500000008, 22.378987000000052],
              [103.79908700000004, 22.377282000000037],
              [103.79647200000005, 22.375973000000045],
              [103.79621100000008, 22.37584000000004],
              [103.79432300000008, 22.374881000000073],
              [103.79424000000006, 22.374839000000065],
              [103.79423400000007, 22.374835000000076],
              [103.79375400000004, 22.374558000000036],
              [103.79352700000004, 22.374570000000062],
              [103.79322800000006, 22.374723000000074],
              [103.79292300000009, 22.374833000000024],
              [103.79277300000007, 22.37496200000004],
              [103.79173500000007, 22.375621000000024],
              [103.79157900000007, 22.375676000000055],
              [103.79140900000004, 22.375759000000073],
              [103.79111800000004, 22.37593400000003],
              [103.79089300000004, 22.376101000000062],
              [103.79065200000008, 22.376299000000074],
              [103.79029400000007, 22.376570000000072],
              [103.79022000000003, 22.376623000000052],
              [103.78999800000008, 22.37676300000004],
              [103.78975000000008, 22.376893000000052],
              [103.78962600000006, 22.376944000000037],
              [103.78952900000007, 22.376974000000075],
              [103.78942300000006, 22.37700700000005],
              [103.78920600000004, 22.377069000000063],
              [103.78899500000006, 22.37709600000005],
              [103.78888600000005, 22.377099000000044],
              [103.78870600000005, 22.37711900000005],
              [103.78860100000009, 22.37713700000006],
              [103.78837100000004, 22.377204000000063],
              [103.78814500000004, 22.37725800000004],
              [103.78794000000005, 22.377312000000074],
              [103.78770800000007, 22.377372000000037],
              [103.78756500000009, 22.37742300000008],
              [103.78736100000003, 22.377511000000027],
              [103.78710100000006, 22.37760300000008],
              [103.78691500000008, 22.377650000000074],
              [103.78678600000006, 22.37768200000005],
              [103.78663300000005, 22.37769600000007],
              [103.78653000000008, 22.377706000000046],
              [103.78636500000005, 22.377699000000064],
              [103.78624300000007, 22.37770100000006],
              [103.78618100000006, 22.377714000000026],
              [103.78609200000005, 22.377737000000025],
              [103.78596200000004, 22.37775700000003],
              [103.78579200000007, 22.37775300000004],
              [103.78569400000003, 22.377756000000034],
              [103.78558100000004, 22.37777600000004],
              [103.78530000000006, 22.377837000000056],
              [103.78490700000003, 22.37791100000004],
              [103.78487000000007, 22.377916000000027],
              [103.78458800000004, 22.377916000000027],
              [103.78380800000008, 22.377917000000025],
              [103.78263200000004, 22.377918000000022],
              [103.78153500000008, 22.377919000000077],
              [103.78084600000005, 22.377920000000074],
              [103.77864900000009, 22.37792200000007],
              [103.77644500000008, 22.37792500000006],
              [103.77450500000003, 22.37793400000004],
              [103.77317700000003, 22.377918000000022],
              [103.77311500000008, 22.377917000000025],
              [103.77305000000007, 22.377955000000043],
              [103.77302800000007, 22.37796700000007],
              [103.77300200000008, 22.377968000000067],
              [103.77297000000004, 22.37797000000006],
              [103.77285100000006, 22.377958000000035],
              [103.77279400000003, 22.377924000000064],
              [103.77267800000004, 22.37788000000006],
              [103.77263500000004, 22.377882000000056],
              [103.77249000000006, 22.37793700000003],
              [103.77215400000006, 22.378103000000067],
              [103.77206900000004, 22.37820800000003],
              [103.77204600000005, 22.378243000000055],
              [103.77198800000008, 22.378330000000062],
              [103.77190200000007, 22.378374000000065],
              [103.77172600000006, 22.378413000000023],
              [103.77161600000005, 22.378396000000066],
              [103.77157900000009, 22.378377000000057],
              [103.77140700000007, 22.378289000000052],
              [103.77136300000006, 22.378272000000038],
              [103.77126800000008, 22.378265000000056],
              [103.77117900000007, 22.37828200000007],
              [103.77106100000009, 22.37833100000006],
              [103.77089700000005, 22.378426000000047],
              [103.77075100000008, 22.378528000000074],
              [103.77067200000005, 22.378593000000023],
              [103.77056600000009, 22.378675000000044],
              [103.77056000000005, 22.37868000000003],
              [103.77045400000009, 22.378737000000058],
              [103.77042700000004, 22.37874400000004],
              [103.77032900000006, 22.378756000000067],
              [103.77030800000006, 22.378756000000067],
              [103.77011100000004, 22.378750000000025],
              [103.76993600000009, 22.37875400000007],
              [103.76971800000007, 22.37878100000006],
              [103.76947700000005, 22.378841000000023],
              [103.76931400000007, 22.37890600000003],
              [103.76907900000003, 22.37903300000005],
              [103.76867300000004, 22.379269000000022],
              [103.76859100000007, 22.37932100000006],
              [103.76845400000008, 22.37940700000007],
              [103.76835900000003, 22.37947500000007],
              [103.76819400000005, 22.379594000000054],
              [103.76824500000004, 22.379538000000025],
              [103.76828100000006, 22.379484000000048],
              [103.76833500000004, 22.379406000000074],
              [103.76832900000005, 22.37916000000007],
              [103.76829700000008, 22.378778000000068],
              [103.76829200000009, 22.37871400000006],
              [103.76819600000005, 22.378426000000047],
              [103.76800300000008, 22.37784300000004],
              [103.76799800000003, 22.377823000000035],
              [103.76791500000007, 22.377608000000066],
              [103.76784500000008, 22.377386000000058],
              [103.76775100000003, 22.377202000000068],
              [103.76764200000008, 22.37707000000006],
              [103.76751800000005, 22.377016000000026],
              [103.76735400000007, 22.37696100000005],
              [103.76724000000007, 22.37689000000006],
              [103.76718600000004, 22.37684500000006],
              [103.76700700000004, 22.376640000000066],
              [103.76693000000006, 22.376480000000072],
              [103.76687700000008, 22.376293000000032],
              [103.76667900000007, 22.37607900000006],
              [103.76655700000003, 22.375773000000038],
              [103.76643500000006, 22.37538500000005],
              [103.76638600000007, 22.375221000000067],
              [103.76640700000007, 22.374997000000064],
              [103.76642600000008, 22.37473600000004],
              [103.76648300000005, 22.374374000000046],
              [103.76653200000004, 22.374047000000076],
              [103.76653200000004, 22.37404200000003],
              [103.76656400000007, 22.373834000000045],
              [103.76656700000007, 22.373330000000067],
              [103.76650000000006, 22.372720000000072],
              [103.76645800000006, 22.37232800000004],
              [103.76643900000005, 22.372179000000074],
              [103.76641000000006, 22.371930000000077],
              [103.76644100000004, 22.371575000000064],
              [103.76648500000005, 22.371406000000036],
              [103.76655700000003, 22.37119400000006],
              [103.76660000000004, 22.371061000000054],
              [103.76663900000005, 22.370944000000065],
              [103.76674400000007, 22.370700000000056],
              [103.76688400000006, 22.37045900000004],
              [103.76690900000006, 22.37030100000004],
              [103.76690600000006, 22.370198000000073],
              [103.76690300000007, 22.37005400000004],
              [103.76695900000004, 22.369814000000076],
              [103.76708400000007, 22.369611000000077],
              [103.76719000000008, 22.369429000000025],
              [103.76722500000005, 22.369275000000073],
              [103.76723800000008, 22.369079000000056],
              [103.76723100000004, 22.36872100000005],
              [103.76714100000004, 22.36842800000005],
              [103.76702100000006, 22.368097000000034],
              [103.76696500000008, 22.367807000000028],
              [103.76693500000005, 22.36767100000003],
              [103.76686300000006, 22.367342000000065],
              [103.76685700000007, 22.367302000000052],
              [103.76683800000006, 22.367144000000053],
              [103.76680800000008, 22.367053000000055],
              [103.76672200000007, 22.366923000000043],
              [103.76660700000008, 22.366847000000064],
              [103.76647100000008, 22.36675900000006],
              [103.76642500000008, 22.366715000000056],
              [103.76642100000004, 22.36667200000005],
              [103.76642100000004, 22.36660100000006],
              [103.76646500000004, 22.366491000000053],
              [103.76654300000007, 22.366326000000072],
              [103.76671900000008, 22.366048000000035],
              [103.76699500000007, 22.365707000000043],
              [103.76710000000008, 22.365589000000057],
              [103.76719800000006, 22.365478000000053],
              [103.76725000000005, 22.365289000000075],
              [103.76725800000008, 22.365210000000047],
              [103.76728700000007, 22.364941000000044],
              [103.76729400000005, 22.36467600000003],
              [103.76729400000005, 22.36467200000004],
              [103.76730500000008, 22.364199000000042],
              [103.76738200000005, 22.363784000000066],
              [103.76729800000004, 22.363238000000024],
              [103.76725300000004, 22.363109000000065],
              [103.76722700000005, 22.36302900000004],
              [103.76715700000005, 22.362816000000066],
              [103.76710300000008, 22.36253300000004],
              [103.76708900000006, 22.362411000000066],
              [103.76711300000005, 22.362279000000058],
              [103.76724200000007, 22.36203900000004],
              [103.76735200000007, 22.361818000000028],
              [103.76738400000005, 22.361736000000064],
              [103.76736500000004, 22.361622000000068],
              [103.76732700000008, 22.361560000000054],
              [103.76726100000008, 22.36144500000006],
              [103.76722700000005, 22.36138600000004],
              [103.76716200000004, 22.36125100000004],
              [103.76711400000005, 22.36109300000004],
              [103.76709500000004, 22.360971000000063],
              [103.76710800000006, 22.360831000000076],
              [103.76716800000008, 22.36061600000005],
              [103.76728100000008, 22.360424000000023],
              [103.76750300000003, 22.360246000000075],
              [103.76758800000005, 22.360168000000044],
              [103.76766300000008, 22.360032000000047],
              [103.76769800000005, 22.359893000000056],
              [103.76770300000004, 22.35981400000003],
              [103.76759800000008, 22.359480000000076],
              [103.76749900000004, 22.35929200000004],
              [103.76744300000007, 22.359181000000035],
              [103.76736600000004, 22.359119000000078],
              [103.76723900000007, 22.359065000000044],
              [103.76714000000004, 22.35898100000003],
              [103.76709400000004, 22.35889100000003],
              [103.76708400000007, 22.358780000000024],
              [103.76708500000007, 22.358705000000043],
              [103.76717900000006, 22.35844700000007],
              [103.76727900000009, 22.358204000000057],
              [103.76728600000007, 22.35818500000005],
              [103.76735500000007, 22.35796300000004],
              [103.76734800000008, 22.357908000000066],
              [103.76732000000004, 22.357819000000063],
              [103.76727100000005, 22.357696000000033],
              [103.76724300000006, 22.357628000000034],
              [103.76721800000007, 22.357566000000077],
              [103.76716900000008, 22.357426000000032],
              [103.76709700000004, 22.357278000000065],
              [103.76698700000009, 22.35713400000003],
              [103.76694100000009, 22.35704400000003],
              [103.76692000000008, 22.356775000000027],
              [103.76689900000008, 22.356624000000068],
              [103.76684500000005, 22.356363000000044],
              [103.76677400000005, 22.356221000000062],
              [103.76667500000008, 22.35613200000006],
              [103.76656000000008, 22.35600900000003],
              [103.76643500000006, 22.35590600000006],
              [103.76655500000004, 22.35578300000003],
              [103.76677200000006, 22.355561000000023],
              [103.76680900000008, 22.35552400000006],
              [103.76691100000005, 22.355281000000048],
              [103.76697000000007, 22.355101000000047],
              [103.76712200000009, 22.354876000000047],
              [103.76727100000005, 22.354769000000033],
              [103.76765400000005, 22.35447300000004],
              [103.76786700000008, 22.354382000000044],
              [103.76803800000005, 22.354323000000022],
              [103.76814000000007, 22.35429300000004],
              [103.76863800000007, 22.35419500000006],
              [103.76868200000007, 22.354186000000027],
              [103.76898400000005, 22.354149000000064],
              [103.76917400000008, 22.35415800000004],
              [103.76935400000008, 22.354186000000027],
              [103.76960300000007, 22.35409100000004],
              [103.76983100000007, 22.354018000000053],
              [103.77022800000009, 22.353939000000025],
              [103.77058400000004, 22.353830000000073],
              [103.77077800000006, 22.353710000000035],
              [103.77089400000006, 22.353549000000044],
              [103.77091000000007, 22.353517000000068],
              [103.77098800000005, 22.35340000000008],
              [103.77109800000005, 22.35323900000003],
              [103.77121400000004, 22.353183000000058],
              [103.77142200000009, 22.353163000000052],
              [103.77186500000005, 22.353206000000057],
              [103.77205300000008, 22.35325400000005],
              [103.77218000000005, 22.353298000000052],
              [103.77276500000005, 22.353183000000058],
              [103.77320300000008, 22.353097000000048],
              [103.77328900000003, 22.353080000000034],
              [103.77335800000009, 22.353067000000067],
              [103.77335100000005, 22.353056000000038],
              [103.77344500000004, 22.35303700000003],
              [103.77347900000007, 22.353030000000047],
              [103.77429100000006, 22.352918000000045],
              [103.77430700000008, 22.35291600000005],
              [103.77461200000005, 22.35281800000007],
              [103.77464700000007, 22.35280800000004],
              [103.77481600000004, 22.35275900000005],
              [103.77481600000004, 22.352760000000046],
              [103.77493500000008, 22.35289800000004],
              [103.77500200000009, 22.35297600000007],
              [103.77516000000008, 22.353161000000057],
              [103.77517600000004, 22.353161000000057],
              [103.77541900000006, 22.353173000000027],
              [103.77544500000005, 22.353180000000066],
              [103.77565300000003, 22.353232000000048],
              [103.77595300000007, 22.353306000000032],
              [103.77616200000006, 22.353390000000047],
              [103.77619300000003, 22.353409000000056],
              [103.77625600000005, 22.35344900000007],
              [103.77626300000009, 22.35346100000004],
              [103.77626700000008, 22.353469000000075],
              [103.77629500000006, 22.353522000000055],
              [103.77631100000008, 22.353581000000077],
              [103.77630200000004, 22.353631000000064],
              [103.77627900000005, 22.353717000000074],
              [103.77627000000007, 22.353733000000034],
              [103.77626900000007, 22.35373400000003],
              [103.77624100000008, 22.353785000000073],
              [103.77615200000008, 22.35389200000003],
              [103.77614800000003, 22.353895000000023],
              [103.77605600000004, 22.353979000000038],
              [103.77597000000009, 22.354026000000033],
              [103.77585900000008, 22.354037000000062],
              [103.77583300000003, 22.354031000000077],
              [103.77567400000004, 22.353995000000054],
              [103.77560400000004, 22.35395200000005],
              [103.77551700000004, 22.353896000000077],
              [103.77538800000008, 22.353815000000054],
              [103.77529200000004, 22.353778000000034],
              [103.77515400000004, 22.35377500000004],
              [103.77495600000009, 22.35382100000004],
              [103.77466800000008, 22.353900000000067],
              [103.77463500000005, 22.35391500000003],
              [103.77449400000006, 22.35398200000003],
              [103.77445900000004, 22.354018000000053],
              [103.77442500000006, 22.354054000000076],
              [103.77439500000008, 22.354085000000055],
              [103.77432200000004, 22.35419900000005],
              [103.77429900000004, 22.354276000000027],
              [103.77423900000008, 22.35447700000003],
              [103.77421500000008, 22.354598000000067],
              [103.77419400000008, 22.354707000000076],
              [103.77419500000008, 22.35477700000007],
              [103.77420600000005, 22.354832000000044],
              [103.77423600000009, 22.35489700000005],
              [103.77426600000007, 22.354932000000076],
              [103.77433600000006, 22.354978000000074],
              [103.77441000000005, 22.354866000000072],
              [103.77446500000008, 22.354760000000056],
              [103.77457200000003, 22.35462300000006],
              [103.77465500000005, 22.35450000000003],
              [103.77470800000003, 22.35444300000006],
              [103.77484400000009, 22.35439400000007],
              [103.77491200000009, 22.35438400000004],
              [103.77510600000005, 22.354354000000058],
              [103.77522200000004, 22.354355000000055],
              [103.77538900000008, 22.35438300000004],
              [103.77556700000008, 22.354495000000043],
              [103.77564400000006, 22.354645000000062],
              [103.77566800000005, 22.354692000000057],
              [103.77570300000008, 22.354798000000073],
              [103.77575400000006, 22.35484100000008],
              [103.77589800000004, 22.354914000000065],
              [103.77600500000005, 22.355015000000037],
              [103.77610400000003, 22.35512300000005],
              [103.77615800000007, 22.355177000000026],
              [103.77630000000005, 22.355369000000053],
              [103.77639200000004, 22.355525000000057],
              [103.77654300000006, 22.355759000000035],
              [103.77671900000007, 22.35595200000006],
              [103.77689000000004, 22.356085000000064],
              [103.77696300000008, 22.35613900000004],
              [103.77718400000003, 22.356201000000056],
              [103.77723000000009, 22.356206000000043],
              [103.77740000000006, 22.35622600000005],
              [103.77767400000005, 22.356208000000038],
              [103.77787200000006, 22.356165000000033],
              [103.77802000000008, 22.356157000000053],
              [103.77812900000004, 22.356191000000024],
              [103.77820200000008, 22.35623300000003],
              [103.77852500000006, 22.356484000000023],
              [103.77884900000004, 22.356626000000063],
              [103.77920000000006, 22.35683300000005],
              [103.77938400000005, 22.35693100000003],
              [103.77951100000007, 22.356975000000034],
              [103.77958000000007, 22.356975000000034],
              [103.77973400000008, 22.356941000000063],
              [103.77989200000007, 22.35694200000006],
              [103.78004200000004, 22.35696500000006],
              [103.78014200000007, 22.357012000000054],
              [103.78020700000008, 22.357088000000033],
              [103.78027600000007, 22.357192000000055],
              [103.78034000000008, 22.357336000000032],
              [103.78038800000007, 22.357598000000053],
              [103.78046300000005, 22.357799000000057],
              [103.78050200000007, 22.357845000000054],
              [103.78053500000004, 22.357921000000033],
              [103.78063300000008, 22.35809000000006],
              [103.78070200000008, 22.35828300000003],
              [103.78070500000007, 22.358291000000065],
              [103.78084900000005, 22.358422000000076],
              [103.78098400000005, 22.358461000000034],
              [103.78112700000008, 22.35845900000004],
              [103.78132100000005, 22.358377000000075],
              [103.78147300000006, 22.358265000000074],
              [103.78167600000006, 22.35809900000004],
              [103.78181600000005, 22.35791800000004],
              [103.78196800000006, 22.357766000000026],
              [103.78212700000006, 22.35767500000003],
              [103.78238800000008, 22.35754600000007],
              [103.78246300000006, 22.357499000000075],
              [103.78257100000008, 22.357363000000078],
              [103.78269000000006, 22.357275000000072],
              [103.78285400000004, 22.357228000000077],
              [103.78300900000005, 22.357229000000075],
              [103.78315800000007, 22.357211000000063],
              [103.78327100000007, 22.357150000000047],
              [103.78340000000009, 22.357084000000043],
              [103.78369300000008, 22.357034000000056],
              [103.78392500000007, 22.356993000000045],
              [103.78419300000007, 22.35694200000006],
              [103.78447600000004, 22.35688200000004],
              [103.78463600000003, 22.356859000000043],
              [103.78493600000007, 22.35687100000007],
              [103.78513300000009, 22.356872000000067],
              [103.78531000000004, 22.35683400000005],
              [103.78549200000003, 22.35671700000006],
              [103.78570200000007, 22.356525000000033],
              [103.78579600000006, 22.356426000000056],
              [103.78585400000009, 22.356394000000023],
              [103.78591900000004, 22.35638000000006],
              [103.78606800000006, 22.35640200000006],
              [103.78628300000008, 22.35647000000006],
              [103.78645700000004, 22.35651100000007],
              [103.78650900000008, 22.356524000000036],
              [103.78673500000008, 22.35655500000007],
              [103.78690400000005, 22.35655600000007],
              [103.78699300000005, 22.356506000000024],
              [103.78708300000005, 22.35641400000003],
              [103.78720100000004, 22.356329000000073],
              [103.78733600000004, 22.35624400000006],
              [103.78753700000004, 22.356193000000076],
              [103.78773000000007, 22.35603700000007],
              [103.78776900000008, 22.355954000000054],
              [103.78779000000009, 22.355846000000042],
              [103.78778500000004, 22.35566700000004],
              [103.78784400000006, 22.35554200000007],
              [103.78794700000009, 22.355429000000072],
              [103.78804400000007, 22.35538800000006],
              [103.78826900000007, 22.355420000000038],
              [103.78839000000005, 22.355474000000072],
              [103.78869700000007, 22.355650000000026],
              [103.78892000000008, 22.355879000000073],
              [103.78910400000007, 22.356065000000058],
              [103.78920000000005, 22.356120000000033],
              [103.78959100000009, 22.356101000000024],
              [103.79014200000006, 22.355966000000024],
              [103.79058000000003, 22.355826000000036],
              [103.79105400000009, 22.35573400000004],
              [103.79131600000005, 22.355675000000076],
              [103.79165200000006, 22.355600000000038],
              [103.79187700000006, 22.355602000000033],
              [103.79212700000005, 22.355628000000024],
              [103.79232000000007, 22.355665000000045],
              [103.79249100000004, 22.35567400000008],
              [103.79261400000007, 22.355661000000055],
              [103.79272000000009, 22.355570000000057],
              [103.79275600000005, 22.355510000000038],
              [103.79286400000007, 22.355219000000034],
              [103.79292400000008, 22.355043000000023],
              [103.79297900000006, 22.354941000000053],
              [103.79307800000004, 22.354764000000046],
              [103.79318200000006, 22.354705000000024],
              [103.79326700000007, 22.35465300000004],
              [103.79335200000008, 22.35463500000003],
              [103.79344700000007, 22.35465000000005],
              [103.79362600000007, 22.35468700000007],
              [103.79381300000006, 22.354753000000073],
              [103.79392900000005, 22.354761000000053],
              [103.79412200000007, 22.35475100000008],
              [103.79435100000006, 22.35472100000004],
              [103.79449500000004, 22.354660000000024],
              [103.79473200000007, 22.354569000000026],
              [103.79498000000007, 22.354498000000035],
              [103.79511600000006, 22.354431000000034],
              [103.79533800000007, 22.354341000000034],
              [103.79563700000006, 22.354227000000037],
              [103.79581200000007, 22.35415900000004],
              [103.79585400000008, 22.354137000000037],
              [103.79589500000009, 22.354088000000047],
              [103.79592700000006, 22.35395900000003],
              [103.79594100000008, 22.353837000000055],
              [103.79598000000004, 22.353756000000033],
              [103.79609200000004, 22.353679000000056],
              [103.79627100000005, 22.353472000000068],
              [103.79643500000009, 22.353297000000055],
              [103.79659900000007, 22.353105000000028],
              [103.79670100000004, 22.35297500000007],
              [103.79676200000006, 22.35289800000004],
              [103.79692500000004, 22.352746000000025],
              [103.79706400000003, 22.352690000000052],
              [103.79729000000003, 22.352651000000037],
              [103.79762100000005, 22.35249600000003],
              [103.79781400000007, 22.352469000000042],
              [103.79821600000008, 22.352328000000057],
              [103.79844700000007, 22.35232300000007],
              [103.79865500000005, 22.352375000000052],
              [103.79887900000006, 22.35238400000003],
              [103.79913100000005, 22.352309000000048],
              [103.79954400000008, 22.35210600000005],
              [103.79986300000007, 22.35197800000003],
              [103.80007000000006, 22.35189500000007],
              [103.80040100000008, 22.35184000000004],
              [103.80054100000007, 22.351863000000037],
              [103.80077100000005, 22.35188100000005],
              [103.80097900000004, 22.351897000000065],
              [103.80111800000009, 22.35186200000004],
              [103.80126500000006, 22.351871000000074],
              [103.80151100000006, 22.35188000000005],
              [103.80208800000008, 22.351984000000073],
              [103.80270400000006, 22.35211300000003],
              [103.80309700000004, 22.352111000000036],
              [103.80349800000005, 22.35202000000004],
              [103.80375400000008, 22.351936000000023],
              [103.80392400000005, 22.351823000000024],
              [103.80394900000005, 22.351729000000034],
              [103.80396400000006, 22.351672000000065],
              [103.80396300000007, 22.351668000000075],
              [103.80395600000008, 22.351631000000054],
              [103.80394900000005, 22.35154600000004],
              [103.80392100000006, 22.35136700000004],
              [103.80395300000004, 22.35113800000005],
              [103.80401600000005, 22.351009000000033],
              [103.80414000000007, 22.350917000000038],
              [103.80425700000006, 22.350753000000054],
              [103.80428900000004, 22.35057100000006],
              [103.80429800000007, 22.350463000000047],
              [103.80446600000005, 22.35034200000007],
              [103.80473200000006, 22.350152000000037],
              [103.80490900000007, 22.349905000000035],
              [103.80498300000005, 22.349619000000075],
              [103.80496800000009, 22.349338000000046],
              [103.80497000000008, 22.34909300000004],
              [103.80504400000007, 22.348741000000075],
              [103.80514300000004, 22.34839500000004],
              [103.80529700000005, 22.348167000000046],
              [103.80559900000009, 22.347995000000026],
              [103.80575400000004, 22.347831000000042],
              [103.80587200000008, 22.34753100000006],
              [103.80603900000006, 22.34728000000007],
              [103.80608300000006, 22.347178000000042],
              [103.80628600000006, 22.346857000000057],
              [103.80632000000008, 22.34656300000006],
              [103.80634500000008, 22.34627000000006],
              [103.80646300000006, 22.346091000000058],
              [103.80693600000006, 22.345665000000054],
              [103.80724800000007, 22.34536600000007],
              [103.80729400000007, 22.345323000000064],
              [103.80752400000006, 22.345102000000054],
              [103.80772600000006, 22.344888000000026],
              [103.80793500000004, 22.344536000000062],
              [103.80806000000007, 22.344384000000048],
              [103.80821500000008, 22.344261000000074],
              [103.80851300000006, 22.34417700000006],
              [103.80874000000006, 22.344092000000046],
              [103.80880300000007, 22.343988000000024],
              [103.80879400000003, 22.343796000000054],
              [103.80875500000008, 22.34357600000004],
              [103.80881800000009, 22.34345200000007],
              [103.80901500000004, 22.34325300000006],
              [103.80918100000008, 22.342977000000076],
              [103.80952500000006, 22.342362000000037],
              [103.80971200000005, 22.341935000000035],
              [103.80979100000008, 22.34143400000005],
              [103.80979300000007, 22.341420000000028],
              [103.80982600000004, 22.341162000000054],
              [103.81008300000008, 22.340905000000078],
              [103.81019800000007, 22.340828000000045],
              [103.81034600000004, 22.34072800000007],
              [103.81049700000005, 22.340594000000067],
              [103.81052100000005, 22.340494000000035],
              [103.81051400000007, 22.340343000000075],
              [103.81040700000005, 22.340176000000042],
              [103.81035500000007, 22.33991700000007],
              [103.81033300000007, 22.33976700000005],
              [103.81042700000006, 22.33960200000007],
              [103.81059000000005, 22.33946000000003],
              [103.81073800000007, 22.339372000000026],
              [103.81074500000005, 22.339368000000036],
              [103.81080800000007, 22.339232000000038],
              [103.81093400000009, 22.338918000000035],
              [103.81112000000007, 22.338761000000034],
              [103.81158800000009, 22.338472000000024],
              [103.81166500000006, 22.338429000000076],
              [103.81188200000008, 22.338292000000024],
              [103.81196000000006, 22.338178000000028],
              [103.81197700000007, 22.33801100000005],
              [103.81199300000009, 22.338009000000056],
              [103.81354300000004, 22.337755000000072],
              [103.81381300000004, 22.337750000000028],
              [103.81391300000007, 22.337822000000074],
              [103.81408100000004, 22.337931000000026],
              [103.81437200000005, 22.338127000000043],
              [103.81458000000003, 22.33821400000005],
              [103.81497200000007, 22.33828200000005],
              [103.81521700000008, 22.33833500000003],
              [103.81561800000009, 22.338422000000037],
              [103.81567200000006, 22.338459000000057],
              [103.81630100000007, 22.339424000000065],
              [103.81643300000007, 22.339259000000027],
              [103.81643300000007, 22.33925800000003],
              [103.81643600000007, 22.339255000000037],
              [103.81647900000007, 22.33920100000006],
              [103.81658800000008, 22.339053000000035],
              [103.81691100000006, 22.33876200000003],
              [103.81736400000005, 22.33843100000007],
              [103.81750600000004, 22.33828900000003],
              [103.81757200000004, 22.338104000000044],
              [103.81767600000006, 22.337937000000068],
              [103.81803900000006, 22.337570000000028],
              [103.81852400000008, 22.337155000000052],
              [103.81895800000007, 22.336891000000037],
              [103.81895800000007, 22.33689400000003],
              [103.81920600000007, 22.336786000000075],
              [103.81947000000008, 22.336633000000063],
              [103.81965700000006, 22.33656200000007],
              [103.81982200000004, 22.336437000000046],
              [103.81996000000004, 22.336324000000047],
              [103.81996500000008, 22.336320000000057],
              [103.82001700000006, 22.336275000000057],
              [103.82016400000003, 22.336148000000037],
              [103.82016500000009, 22.336146000000042],
              [103.82024800000005, 22.335998000000075],
              [103.82032800000007, 22.335806000000048],
              [103.82033000000007, 22.335804000000053],
              [103.82042500000006, 22.335736000000054],
              [103.82057600000007, 22.33569300000005],
              [103.82076700000005, 22.33575200000007],
              [103.82085700000005, 22.33578200000005],
              [103.82089500000006, 22.335794000000078],
              [103.82099200000005, 22.335770000000025],
              [103.82108200000005, 22.33570700000007],
              [103.82108200000005, 22.335705000000075],
              [103.82111100000009, 22.335591000000022],
              [103.82111400000008, 22.335559000000046],
              [103.82113200000003, 22.335356000000047],
              [103.82116900000005, 22.335200000000043],
              [103.82120000000003, 22.335161000000028],
              [103.82122400000009, 22.33512900000005],
              [103.82138800000007, 22.33510300000006],
              [103.82140000000004, 22.335101000000066],
              [103.82140200000003, 22.335102000000063],
              [103.82159200000007, 22.33508000000006],
              [103.82170100000008, 22.335008000000073],
              [103.82179900000006, 22.334944000000064],
              [103.82180700000004, 22.334937000000025],
              [103.82181400000007, 22.33492700000005],
              [103.82183200000009, 22.33491200000003],
              [103.82198000000005, 22.334772000000044],
              [103.82210900000007, 22.33472500000005],
              [103.82230200000004, 22.33467900000005],
              [103.82238600000005, 22.334596000000033],
              [103.82247800000005, 22.334376000000077],
              [103.82257600000008, 22.334213000000034],
              [103.82258700000006, 22.33418800000004],
              [103.82259500000004, 22.334181000000058],
              [103.82268600000003, 22.33403100000004],
              [103.82269100000008, 22.334013000000027],
              [103.82274600000005, 22.333792000000074],
              [103.82276800000005, 22.33351700000003],
              [103.82294400000006, 22.33320800000007],
              [103.82311400000003, 22.33283300000005],
              [103.82331400000004, 22.33250300000003],
              [103.82338100000004, 22.332392000000027],
              [103.82347800000008, 22.332339000000047],
              [103.82367700000003, 22.332305000000076],
              [103.82413300000007, 22.332284000000072],
              [103.82438400000007, 22.332250000000045],
              [103.82467000000008, 22.332168000000024],
              [103.82488600000005, 22.33207100000004],
              [103.82516500000008, 22.331863000000055],
              [103.82550000000003, 22.331731000000048],
              [103.82572600000009, 22.331723000000068],
              [103.82586900000007, 22.331772000000058],
              [103.82607900000005, 22.33197400000006],
              [103.82608800000008, 22.33197800000005],
              [103.82609100000008, 22.33198600000003],
              [103.82612400000005, 22.332018000000062],
              [103.82625200000007, 22.332091000000048],
              [103.82637500000004, 22.332091000000048],
              [103.82660200000004, 22.332017000000064],
              [103.82676200000009, 22.331942000000026],
              [103.82688300000007, 22.331886000000054],
              [103.82688600000006, 22.331885000000057],
              [103.82740600000005, 22.331717000000026],
              [103.82781300000005, 22.331517000000076],
              [103.82781700000004, 22.33151300000003],
              [103.82783000000006, 22.331508000000042],
              [103.82788600000003, 22.331481000000053],
              [103.82847400000009, 22.331222000000025],
              [103.82863900000007, 22.331142000000057],
              [103.82874700000008, 22.331143000000054],
              [103.82879200000008, 22.33117100000004],
              [103.82888000000008, 22.331225000000074],
              [103.82912000000005, 22.33137000000005],
              [103.82921700000009, 22.331395000000043],
              [103.82929400000006, 22.33138100000008],
              [103.82937400000009, 22.331311000000028],
              [103.82942400000007, 22.331267000000025],
              [103.82947600000006, 22.331191000000047],
              [103.82954400000006, 22.33115300000003],
              [103.82955300000003, 22.33114800000004],
              [103.82969600000007, 22.331226000000072],
              [103.83000900000008, 22.331363000000067],
              [103.83027500000009, 22.331422000000032],
              [103.83052200000009, 22.331409000000065],
              [103.83079000000004, 22.331349000000046],
              [103.83111500000007, 22.331203000000073],
              [103.83126400000003, 22.331166000000053],
              [103.83136700000006, 22.33116700000005],
              [103.83147400000007, 22.331268000000023],
              [103.83148400000005, 22.331281000000047],
              [103.83164700000003, 22.33147900000006],
              [103.83173900000008, 22.33162100000004],
              [103.83180400000003, 22.331720000000075],
              [103.83192100000008, 22.331916000000035],
              [103.83205400000008, 22.33197000000007],
              [103.83225400000003, 22.331971000000067],
              [103.83234000000004, 22.331958000000043],
              [103.83240300000006, 22.331949000000066],
              [103.83246500000007, 22.33190600000006],
              [103.83249700000005, 22.33179800000005],
              [103.83251400000006, 22.331741000000022],
              [103.83252300000004, 22.331710000000044],
              [103.83258600000005, 22.331549000000052],
              [103.83259700000008, 22.33152000000007],
              [103.83272700000003, 22.331353000000036],
              [103.83291800000006, 22.331168000000048],
              [103.83306800000008, 22.33110700000003],
              [103.83322700000008, 22.331128000000035],
              [103.83336500000007, 22.331162000000063],
              [103.83358200000004, 22.331121000000053],
              [103.83387200000004, 22.331060000000036],
              [103.83395300000007, 22.331043000000022],
              [103.83401300000008, 22.331030000000055],
              [103.83416000000005, 22.33105900000004],
              [103.83439800000008, 22.33112200000005],
              [103.83458400000006, 22.331113000000073],
              [103.83475900000008, 22.33106200000003],
              [103.83481600000005, 22.33105800000004],
              [103.83483600000005, 22.331056000000046],
              [103.83493300000004, 22.331049000000064],
              [103.83517500000005, 22.331060000000036],
              [103.83542200000005, 22.331019000000026],
              [103.83574600000009, 22.330935000000068],
              [103.83585700000003, 22.330880000000036],
              [103.83591600000005, 22.330851000000052],
              [103.83604100000008, 22.33071300000006],
              [103.83609300000006, 22.330632000000037],
              [103.83617000000004, 22.330618000000072],
              [103.83619300000004, 22.33062700000005],
              [103.83619500000003, 22.330504000000076],
              [103.83619600000009, 22.330444000000057],
              [103.83619700000008, 22.33039400000007],
              [103.83621500000004, 22.33018500000003],
              [103.83626600000008, 22.329924000000062],
              [103.83643100000006, 22.329084000000023],
              [103.83645200000007, 22.32897600000007],
              [103.83646800000008, 22.328898000000038],
              [103.83648900000009, 22.328791000000024],
              [103.83652800000004, 22.32855600000005],
              [103.83659800000004, 22.328145000000063],
              [103.83661200000006, 22.328062000000045],
              [103.83659500000005, 22.328010000000063],
              [103.83659200000005, 22.32800000000003],
              [103.83627800000005, 22.327510000000075],
              [103.83623200000005, 22.327428000000054],
              [103.83621000000005, 22.32724500000006],
              [103.83623100000005, 22.327224000000058],
              [103.83645200000007, 22.327011000000027],
              [103.83647800000006, 22.326989000000026],
              [103.83684300000004, 22.326677000000075],
              [103.83692700000006, 22.32660500000003],
              [103.83694600000007, 22.326590000000067],
              [103.83731100000006, 22.326328000000046],
              [103.83732300000008, 22.32631900000007],
              [103.83789900000005, 22.325905000000034],
              [103.83856200000008, 22.325429000000042],
              [103.83908400000007, 22.325087000000053],
              [103.83912000000004, 22.325019000000054],
              [103.83913100000007, 22.32498300000003],
              [103.83913100000007, 22.32498000000004],
              [103.83912700000008, 22.324915000000033],
              [103.83915300000007, 22.324820000000045],
              [103.83919900000006, 22.32472800000005],
              [103.83927500000004, 22.324662000000046],
              [103.83937800000007, 22.324640000000045],
              [103.83946900000007, 22.324640000000045],
              [103.83958800000005, 22.32460700000007],
              [103.83964200000008, 22.32457100000005],
              [103.83977400000003, 22.324535000000026],
              [103.83984400000008, 22.324475000000064],
              [103.83991500000008, 22.32438300000007],
              [103.84002400000008, 22.324250000000063],
              [103.84010700000005, 22.324159000000066],
              [103.84014900000005, 22.324131000000023],
              [103.84021900000005, 22.324125000000038],
              [103.84029700000008, 22.32410100000004],
              [103.84035700000004, 22.324035000000038],
              [103.84044800000004, 22.32399300000003],
              [103.84052400000007, 22.323950000000025],
              [103.84057800000005, 22.32394400000004],
              [103.84070100000008, 22.323945000000037],
              [103.84078400000004, 22.32392100000004],
              [103.84081300000008, 22.323885000000075],
              [103.84084400000006, 22.323816000000022],
              [103.84090800000007, 22.32372300000003],
              [103.84095600000006, 22.323676000000034],
              [103.84102400000006, 22.323628000000042],
              [103.84106800000006, 22.32359500000007],
              [103.84112300000004, 22.323525000000075],
              [103.84116100000006, 22.323468000000048],
              [103.84120700000005, 22.323439000000064],
              [103.84125000000006, 22.32344800000004],
              [103.84130700000009, 22.32344100000006],
              [103.84133200000008, 22.323401000000047],
              [103.84139700000009, 22.323276000000078],
              [103.84143100000006, 22.323222000000044],
              [103.84149000000008, 22.323108000000047],
              [103.84150800000003, 22.32307700000007],
              [103.84151400000007, 22.32306600000004],
              [103.84154600000005, 22.323061000000052],
              [103.84184100000004, 22.323014000000057],
              [103.84343300000006, 22.32235600000007],
              [103.84539400000006, 22.32150400000006],
              [103.84561000000008, 22.32141000000007],
              [103.84591900000004, 22.321309000000042],
              [103.84606900000006, 22.321243000000038],
              [103.84607900000009, 22.32123900000005],
              [103.84613400000006, 22.321199000000036],
              [103.84649200000007, 22.32094200000006],
              [103.84666000000004, 22.320822000000078],
              [103.84693200000004, 22.32062600000006],
              [103.84703700000006, 22.320568000000037],
              [103.84729000000004, 22.320429000000047],
              [103.84730500000006, 22.320417000000077],
              [103.84743900000007, 22.32031500000005],
              [103.84765800000008, 22.320078000000024],
              [103.84766200000007, 22.320073000000036],
              [103.84776800000009, 22.31998500000003],
              [103.84804200000008, 22.319813000000067],
              [103.84805900000003, 22.31980500000003],
              [103.84831800000006, 22.319688000000042],
              [103.84844800000008, 22.319645000000037],
              [103.84857600000004, 22.319601000000034],
              [103.84877200000005, 22.319520000000068],
              [103.84883300000007, 22.319494000000077],
              [103.84906600000005, 22.319393000000048],
              [103.84923700000007, 22.319218000000035],
              [103.84936600000003, 22.31911800000006],
              [103.84967200000006, 22.318824000000063],
              [103.85021400000005, 22.31837100000007],
              [103.85032300000006, 22.318233000000077],
              [103.85034600000006, 22.318183000000033],
              [103.85037700000004, 22.318137000000036],
              [103.85044600000003, 22.31803300000007],
              [103.85051400000003, 22.31793300000004],
              [103.85053400000004, 22.317905000000053],
              [103.85058100000003, 22.31776700000006],
              [103.85063400000007, 22.317540000000065],
              [103.85063500000007, 22.31753800000007],
              [103.85063800000006, 22.317529000000036],
              [103.85068700000005, 22.317395000000033],
              [103.85074000000009, 22.317256000000043],
              [103.85079100000007, 22.31715200000008],
              [103.85080100000005, 22.317132000000072],
              [103.85085200000003, 22.31703200000004],
              [103.85086500000006, 22.316967000000034],
              [103.85087100000004, 22.316903000000025],
              [103.85087200000004, 22.31682200000006],
              [103.85086900000005, 22.31680300000005],
              [103.85085000000004, 22.316659000000072],
              [103.85084800000004, 22.31659300000007],
              [103.85085500000008, 22.31649900000008],
              [103.85085800000007, 22.316470000000038],
              [103.85086700000005, 22.316351000000054],
              [103.85089600000003, 22.31600100000003],
              [103.85117500000007, 22.31427800000006],
              [103.85119800000007, 22.314134000000024],
              [103.85122100000007, 22.31408700000003],
              [103.85134500000004, 22.314212000000055],
              [103.85155700000007, 22.314384000000075],
              [103.85172800000004, 22.314497000000074],
              [103.85192700000005, 22.31458200000003],
              [103.85194300000006, 22.31458900000007],
              [103.85207200000008, 22.31461900000005],
              [103.85211200000003, 22.314621000000045],
              [103.85225400000007, 22.31462700000003],
              [103.85239500000006, 22.314609000000075],
              [103.85261400000007, 22.314520000000073],
              [103.85282600000005, 22.314407000000074],
              [103.85296800000003, 22.314276000000064],
              [103.85302300000006, 22.31422200000003],
              [103.85310800000008, 22.31413900000007],
              [103.85325300000005, 22.313949000000036],
              [103.85340400000007, 22.313754000000074],
              [103.85351100000008, 22.313590000000033],
              [103.85360200000008, 22.313421000000062],
              [103.85373500000009, 22.313185000000033],
              [103.85386800000003, 22.31298300000003],
              [103.85394100000008, 22.31283700000006],
              [103.85397200000006, 22.312718000000075],
              [103.85397300000005, 22.312599000000034],
              [103.85395400000004, 22.312477000000058],
              [103.85393600000003, 22.31241200000005],
              [103.85391600000008, 22.312338000000068],
              [103.85386200000005, 22.312122000000045],
              [103.85383700000006, 22.31195500000007],
              [103.85379300000005, 22.311732000000063],
              [103.85379200000006, 22.311591000000078],
              [103.85383400000006, 22.311388000000022],
              [103.85389500000008, 22.311233000000072],
              [103.85397300000005, 22.311105000000055],
              [103.85407200000009, 22.310965000000067],
              [103.85426000000007, 22.31078700000006],
              [103.85432100000008, 22.310740000000067],
              [103.85441700000007, 22.310667000000024],
              [103.85457300000007, 22.310547000000042],
              [103.85475400000007, 22.31041300000004],
              [103.85486500000007, 22.310354000000075],
              [103.85489600000005, 22.31034900000003],
              [103.85493700000006, 22.31034200000005],
              [103.85498200000006, 22.310336000000063],
              [103.85502700000006, 22.310331000000076],
              [103.85510100000005, 22.310344000000043],
              [103.85517600000009, 22.310358000000065],
              [103.85554600000006, 22.310470000000066],
              [103.85555500000004, 22.31047300000006],
              [103.85592400000007, 22.31058500000006],
              [103.85600900000009, 22.310610000000054],
              [103.85630800000007, 22.310715000000073],
              [103.85656100000006, 22.31085100000007],
              [103.85668700000008, 22.310928000000047],
              [103.85677600000008, 22.310960000000023],
              [103.85691000000008, 22.310989000000063],
              [103.85712500000005, 22.310991000000058],
              [103.85734600000006, 22.310978000000034],
              [103.85765900000007, 22.31098000000003],
              [103.85766500000005, 22.31098000000003],
              [103.85789600000004, 22.310984000000076],
              [103.85803000000004, 22.310961000000077],
              [103.85818200000006, 22.31091900000007],
              [103.85840800000005, 22.31081800000004],
              [103.85857700000008, 22.310725000000048],
              [103.85871500000007, 22.31064800000007],
              [103.85900900000007, 22.310509000000025],
              [103.85912600000006, 22.310434000000043],
              [103.85922400000004, 22.310346000000038],
              [103.85930200000007, 22.310245000000066],
              [103.85937700000005, 22.310144000000037],
              [103.85950600000007, 22.310091000000057],
              [103.85966000000008, 22.310065000000066],
              [103.85976000000005, 22.310072000000048],
              [103.85991000000007, 22.31012400000003],
              [103.85994300000004, 22.310133000000064],
              [103.85999000000004, 22.310145000000034],
              [103.86005500000005, 22.31013100000007],
              [103.86006000000003, 22.310126000000025],
              [103.86006300000008, 22.310123000000033],
              [103.86015200000008, 22.310042000000067],
              [103.86031100000008, 22.309834000000023],
              [103.86042400000008, 22.309676000000024],
              [103.86049600000007, 22.309614000000067],
              [103.86056300000007, 22.309588000000076],
              [103.86064700000009, 22.309582000000034],
              [103.86083300000007, 22.309611000000075],
              [103.86088700000005, 22.309620000000052],
              [103.86105400000008, 22.30963600000007],
              [103.86113800000004, 22.309638000000064],
              [103.86124700000005, 22.30964000000006],
              [103.86136500000003, 22.30963200000008],
              [103.86146800000006, 22.309654000000023],
              [103.86159200000009, 22.309702000000073],
              [103.86159300000008, 22.309702000000073],
              [103.86170200000004, 22.30973300000005],
              [103.86172700000009, 22.309732000000054],
              [103.86177500000008, 22.309731000000056],
              [103.86189100000007, 22.309728000000064],
              [103.86194100000006, 22.309718000000032],
              [103.86208400000004, 22.30968800000005],
              [103.86209700000006, 22.309683000000064],
              [103.86229700000007, 22.309609000000023],
              [103.86236600000007, 22.30957600000005],
              [103.86255800000004, 22.309485000000052],
              [103.86266700000004, 22.309453000000076],
              [103.86279000000007, 22.309428000000025],
              [103.86282200000005, 22.309421000000043],
              [103.86300800000004, 22.30939600000005],
              [103.86321000000004, 22.309379000000035],
              [103.86338700000005, 22.309363000000076],
              [103.86353200000008, 22.30932800000005],
              [103.86363800000004, 22.309286000000043],
              [103.86369600000006, 22.309263000000044],
              [103.86373200000008, 22.309248000000025],
              [103.86377900000008, 22.30921900000004],
              [103.86389300000008, 22.30914800000005],
              [103.86390900000004, 22.309135000000026],
              [103.86402600000008, 22.309038000000044],
              [103.86408700000004, 22.308958000000075],
              [103.86417200000005, 22.30884800000007],
              [103.86427200000008, 22.308688000000075],
              [103.86437000000006, 22.30856600000004],
              [103.86454100000009, 22.308447000000058],
              [103.86467900000008, 22.308392000000026],
              [103.86492100000004, 22.308322000000032],
              [103.86515800000006, 22.30829300000005],
              [103.86538000000007, 22.30828900000006],
              [103.86566900000008, 22.308339000000046],
              [103.86594100000008, 22.308412000000033],
              [103.86609800000008, 22.30847600000004],
              [103.86626100000007, 22.308573000000024],
              [103.86640400000005, 22.308682000000033],
              [103.86648400000007, 22.308793000000037],
              [103.86653400000006, 22.30890400000004],
              [103.86657800000006, 22.30903200000006],
              [103.86657400000007, 22.309087000000034],
              [103.86657400000007, 22.30909900000006],
              [103.86657100000008, 22.309143000000063],
              [103.86655100000007, 22.30925600000006],
              [103.86656900000008, 22.309349000000054],
              [103.86663900000008, 22.30944800000003],
              [103.86673500000006, 22.30952300000007],
              [103.86685300000005, 22.30958700000008],
              [103.86698400000006, 22.309615000000065],
              [103.86713200000008, 22.30961300000007],
              [103.86727700000006, 22.309614000000067],
              [103.86745600000006, 22.309657000000072],
              [103.86763200000007, 22.309691000000043],
              [103.86784100000006, 22.309698000000026],
              [103.86797000000007, 22.309672000000035],
              [103.86813700000005, 22.30959000000007],
              [103.86835400000007, 22.309427000000028],
              [103.86850900000007, 22.30930600000005],
              [103.86867300000006, 22.30917500000004],
              [103.86879000000005, 22.30908400000004],
              [103.86891300000008, 22.308944000000054],
              [103.86901300000005, 22.308816000000036],
              [103.86913000000004, 22.308704000000034],
              [103.86925000000008, 22.308558000000062],
              [103.86933700000009, 22.30840100000006],
              [103.86935700000004, 22.308365000000038],
              [103.86940700000008, 22.30830000000003],
              [103.86945500000007, 22.308237000000076],
              [103.86954500000007, 22.308145000000025],
              [103.86961600000006, 22.308115000000043],
              [103.86973500000005, 22.30811600000004],
              [103.86984100000006, 22.30815000000007],
              [103.87002000000007, 22.308259000000078],
              [103.87015000000008, 22.308367000000032],
              [103.87018500000005, 22.30844200000007],
              [103.87018800000004, 22.308496000000048],
              [103.87016500000004, 22.30858500000005],
              [103.87012900000008, 22.30864900000006],
              [103.87010900000007, 22.308684000000028],
              [103.87008200000008, 22.308772000000033],
              [103.87008000000009, 22.308779000000072],
              [103.87008900000006, 22.308857000000046],
              [103.87013300000007, 22.308944000000054],
              [103.87022900000005, 22.30903100000006],
              [103.87054500000005, 22.30923000000007],
              [103.87090300000006, 22.30940000000004],
              [103.87116400000008, 22.30953900000003],
              [103.87138100000004, 22.309663000000057],
              [103.87152700000007, 22.309728000000064],
              [103.87165000000005, 22.309772000000066],
              [103.87175000000008, 22.30978700000003],
              [103.87182700000005, 22.309776000000056],
              [103.87194800000003, 22.309722000000022],
              [103.87200500000006, 22.30970300000007],
              [103.87202600000006, 22.30969600000003],
              [103.87209300000006, 22.309694000000036],
              [103.87220800000006, 22.30971900000003],
              [103.87228900000008, 22.309746000000075],
              [103.87239700000003, 22.30978200000004],
              [103.87264100000004, 22.309851000000037],
              [103.87299300000006, 22.30991300000005],
              [103.87303300000008, 22.309920000000034],
              [103.87344600000006, 22.30998100000005],
              [103.87406500000009, 22.310069000000055],
              [103.87419600000004, 22.310089000000062],
              [103.87433000000004, 22.310110000000066],
              [103.87451900000008, 22.310140000000047],
              [103.87459100000007, 22.310151000000076],
              [103.87473000000006, 22.310162000000048],
              [103.87494000000004, 22.310177000000067],
              [103.87519700000007, 22.31018400000005],
              [103.87528900000007, 22.31018700000004],
              [103.87531300000006, 22.31018400000005],
              [103.87532900000008, 22.310182000000054],
              [103.87546100000009, 22.310167000000035],
              [103.87564900000007, 22.310118000000045],
              [103.87576700000005, 22.31004900000005],
              [103.87581400000005, 22.310021000000063],
              [103.87586900000008, 22.309979000000055],
              [103.87603400000006, 22.30985000000004],
              [103.87614000000008, 22.30977900000005],
              [103.87621700000005, 22.309727000000066],
              [103.87624800000003, 22.309706000000062],
              [103.87644700000004, 22.309612000000072],
              [103.87645600000008, 22.309609000000023],
              [103.87661700000007, 22.309560000000033],
              [103.87674200000004, 22.309530000000052],
              [103.87677200000007, 22.30952300000007],
              [103.87689700000004, 22.309507000000053],
              [103.87732300000005, 22.309618000000057],
              [103.87776500000007, 22.30976400000003],
              [103.87828900000005, 22.310043000000064],
              [103.87866700000006, 22.31025100000005],
              [103.87880100000007, 22.310313000000065],
              [103.87899000000004, 22.310400000000072],
              [103.87907700000005, 22.31044000000003],
              [103.87915400000009, 22.31045000000006],
              [103.87917200000004, 22.310455000000047],
              [103.87919200000005, 22.310455000000047],
              [103.87933300000009, 22.31045000000006],
              [103.87955200000005, 22.310374000000024],
              [103.87968200000006, 22.31029200000006],
              [103.87980400000004, 22.310215000000028],
              [103.88001000000008, 22.310043000000064],
              [103.88041200000004, 22.30959100000007],
              [103.88045100000005, 22.30955700000004],
              [103.88049500000005, 22.30950400000006],
              [103.88088600000003, 22.309123000000056],
              [103.88140200000004, 22.30879200000004],
              [103.88224800000006, 22.308406000000048],
              [103.88244700000007, 22.30834100000004],
              [103.88294900000005, 22.308168000000023],
              [103.88314300000008, 22.308100000000024],
              [103.88318500000008, 22.30808200000007],
              [103.88373300000006, 22.307849000000033],
              [103.88406300000008, 22.307660000000055],
              [103.88430100000005, 22.307488000000035],
              [103.88443800000005, 22.30782300000004],
              [103.88508000000007, 22.307991000000072],
              [103.88561100000004, 22.308092000000045],
              [103.88590600000003, 22.308294000000046],
              [103.88619300000005, 22.308490000000063],
              [103.88634700000006, 22.308613000000037],
              [103.88648800000004, 22.308729000000028],
              [103.88655600000004, 22.308858000000043],
              [103.88662300000004, 22.309168000000057],
              [103.88911900000005, 22.313213000000076],
              [103.87882400000007, 22.321626000000037],
              [103.87879300000009, 22.32172900000006],
              [103.87881800000008, 22.321728000000064],
              [103.87897800000007, 22.32177500000006],
              [103.87917500000003, 22.32186900000005],
              [103.87927500000006, 22.321919000000037],
              [103.87930700000004, 22.321935000000053],
              [103.87942600000008, 22.321939000000043],
              [103.87955400000004, 22.32188700000006],
              [103.87962900000008, 22.321830000000034],
              [103.87979100000007, 22.321677000000022],
              [103.87990300000007, 22.32162100000005],
              [103.87998500000003, 22.32162500000004],
              [103.88006800000005, 22.321637000000067],
              [103.88006900000005, 22.321650000000034],
              [103.88000900000009, 22.321723000000077],
              [103.87994000000003, 22.321990000000028],
              [103.87986500000005, 22.32245000000006],
              [103.87927600000006, 22.322257000000036],
              [103.87897600000008, 22.322385000000054],
              [103.87895500000008, 22.322490000000073],
              [103.87894900000003, 22.32258100000007],
              [103.87894800000004, 22.322667000000024],
              [103.87914100000006, 22.32300300000003],
              [103.87943700000005, 22.323172000000056],
              [103.87941600000005, 22.323301000000072],
              [103.87938300000008, 22.32351600000004],
              [103.87938200000008, 22.32369700000004],
              [103.87938600000007, 22.323755000000062],
              [103.87943200000007, 22.32377900000006],
              [103.87953500000003, 22.32377500000007],
              [103.87977800000004, 22.32363300000003],
              [103.88003100000009, 22.323439000000064],
              [103.88029000000006, 22.323225000000036],
              [103.88067000000007, 22.323097000000075],
              [103.88051600000006, 22.323818000000074],
              [103.88018300000005, 22.324515000000076],
              [103.88014600000008, 22.325180000000046],
              [103.87973800000003, 22.325378000000057],
              [103.87915600000008, 22.325608000000045],
              [103.87849800000004, 22.326306000000045],
              [103.87835700000005, 22.32652500000006],
              [103.87831400000005, 22.326816000000065],
              [103.87837800000005, 22.327185000000043],
              [103.87848600000007, 22.32774900000004],
              [103.87849600000004, 22.32839000000007],
              [103.87855400000007, 22.328763000000038],
              [103.88135700000004, 22.330053000000078],
              [103.88239000000004, 22.330945000000042],
              [103.88316100000009, 22.33103600000004],
              [103.88490900000005, 22.33122700000007],
              [103.88534700000008, 22.331275000000062],
              [103.88582700000006, 22.33161000000007],
              [103.88601900000003, 22.33200400000004],
              [103.88598800000005, 22.332821000000024],
              [103.88565600000004, 22.333735000000047],
              [103.88549600000005, 22.334316000000058],
              [103.88547900000003, 22.334498000000053],
              [103.88549300000005, 22.33477000000005],
              [103.88553200000007, 22.33501300000006],
              [103.88572500000004, 22.335226000000034],
              [103.88579700000008, 22.33537000000007],
              [103.88579600000008, 22.335499000000027],
              [103.88560800000005, 22.33558800000003],
              [103.88535600000006, 22.335632000000032],
              [103.88490800000005, 22.33564400000006],
              [103.88483500000007, 22.33571900000004],
              [103.88484000000005, 22.33606700000007],
              [103.88495900000004, 22.336401000000023],
              [103.88534700000008, 22.336782000000028],
              [103.88537800000006, 22.336919000000023],
              [103.88536000000005, 22.337108000000057],
              [103.88522500000005, 22.337773000000027],
              [103.88514200000009, 22.338022000000024],
              [103.88514000000004, 22.338203000000078],
              [103.88523600000008, 22.33847700000007],
              [103.88526500000006, 22.338558000000035],
              [103.88532300000008, 22.338719000000026],
              [103.88543500000009, 22.338977000000057],
              [103.88581900000008, 22.339759000000072],
              [103.88625200000007, 22.340618000000063],
              [103.88637100000005, 22.341012000000035],
              [103.88641700000005, 22.341322000000048],
              [103.88635600000003, 22.341806000000076],
              [103.88633600000009, 22.342321000000027],
              [103.88629800000007, 22.342941000000053],
              [103.88624900000008, 22.343054000000052],
              [103.88602000000009, 22.343136000000072],
              [103.88573500000007, 22.343179000000077],
              [103.88566200000008, 22.343232000000057],
              [103.88561300000003, 22.343493000000024],
              [103.88559500000008, 22.343611000000067],
              [103.88559300000009, 22.34380600000003],
              [103.88566000000009, 22.34393300000005],
              [103.88590500000004, 22.344182000000046],
              [103.88593100000008, 22.344212000000027],
              [103.88609200000008, 22.34439800000007],
              [103.88618300000007, 22.344502000000034],
              [103.88622000000004, 22.344587000000047],
              [103.88623700000005, 22.344677000000047],
              [103.88623400000006, 22.34474700000004],
              [103.88616100000007, 22.344890000000078],
              [103.88572500000004, 22.34549400000003],
              [103.88566100000008, 22.34562900000003],
              [103.88558900000004, 22.34583800000007],
              [103.88556000000005, 22.346087000000068],
              [103.88553200000007, 22.346296000000052],
              [103.88687200000004, 22.34650700000003],
              [103.88737100000009, 22.34676200000007],
              [103.88813500000003, 22.347519000000034],
              [103.88918100000006, 22.34786900000006],
              [103.89040100000005, 22.348467000000028],
              [103.89077900000007, 22.349401000000057],
              [103.89185500000008, 22.34834900000004],
              [103.89333300000004, 22.348021000000074],
              [103.89649700000007, 22.34807600000005],
              [103.89796400000006, 22.348411000000056],
              [103.89765700000004, 22.349245000000053],
              [103.89725000000004, 22.350247000000024],
              [103.89636900000005, 22.35117400000007],
              [103.89549500000004, 22.352093000000025],
              [103.89249700000005, 22.35376300000007],
              [103.89154100000007, 22.354139000000032],
              [103.89159900000004, 22.35361400000005],
              [103.89139500000005, 22.35318200000006],
              [103.89121700000004, 22.35289000000006],
              [103.89097500000008, 22.352692000000047],
              [103.89088300000009, 22.35247000000004],
              [103.89092600000004, 22.352185000000077],
              [103.89089000000007, 22.351998000000037],
              [103.89051100000006, 22.351771000000042],
              [103.89039600000007, 22.351476000000048],
              [103.89025400000008, 22.351037000000076],
              [103.89011900000008, 22.35092000000003],
              [103.88923900000003, 22.35086400000006],
              [103.88901100000004, 22.350876000000028],
              [103.88880800000004, 22.35093500000005],
              [103.88863600000008, 22.351061000000072],
              [103.88841000000008, 22.351260000000025],
              [103.88830400000006, 22.351386000000048],
              [103.88827200000009, 22.35152000000005],
              [103.88826300000005, 22.351574000000028],
              [103.88826100000006, 22.351729000000034],
              [103.88831700000009, 22.35187200000007],
              [103.88855800000005, 22.35215900000003],
              [103.88870900000006, 22.352341000000024],
              [103.88886900000006, 22.352565000000027],
              [103.88885900000008, 22.352692000000047],
              [103.88872100000003, 22.352977000000067],
              [103.88864600000005, 22.353297000000055],
              [103.88836200000009, 22.353894000000025],
              [103.88832400000007, 22.353995000000054],
              [103.88820300000003, 22.354414000000077],
              [103.88801100000006, 22.354528000000073],
              [103.88787900000005, 22.354543000000035],
              [103.88775600000008, 22.354530000000068],
              [103.88764200000008, 22.354480000000024],
              [103.88759900000008, 22.354374000000064],
              [103.88756400000005, 22.35410900000005],
              [103.88753900000006, 22.353932000000043],
              [103.88753200000008, 22.353874000000076],
              [103.88744600000007, 22.35369000000003],
              [103.88742500000006, 22.35354700000005],
              [103.88739600000008, 22.353375000000028],
              [103.88736900000004, 22.353306000000032],
              [103.88717400000007, 22.353095000000053],
              [103.88701300000008, 22.352877000000035],
              [103.88696100000004, 22.35279500000007],
              [103.88677400000006, 22.352500000000077],
              [103.88660000000004, 22.35224100000005],
              [103.88643900000005, 22.35206000000005],
              [103.88622500000008, 22.351928000000044],
              [103.88608100000005, 22.351800000000026],
              [103.88601600000004, 22.35168900000008],
              [103.88599500000004, 22.351567000000045],
              [103.88597400000003, 22.351443000000074],
              [103.88590100000005, 22.351163000000042],
              [103.88588400000003, 22.351099000000033],
              [103.88586300000009, 22.351034000000027],
              [103.88581500000004, 22.351005000000043],
              [103.88575700000007, 22.35102500000005],
              [103.88571400000006, 22.35105200000004],
              [103.88556300000005, 22.35119100000003],
              [103.88541200000009, 22.35130900000007],
              [103.88513000000006, 22.351433000000043],
              [103.88493200000005, 22.351526000000035],
              [103.88468500000005, 22.351594000000034],
              [103.88454000000007, 22.351609000000053],
              [103.88447300000007, 22.351654000000053],
              [103.88443800000005, 22.35167800000005],
              [103.88413300000008, 22.35187200000007],
              [103.88404900000006, 22.351909000000035],
              [103.88386000000008, 22.35199300000005],
              [103.88364400000006, 22.352036000000055],
              [103.88345100000004, 22.352043000000037],
              [103.88318800000008, 22.351988000000063],
              [103.88306900000003, 22.35193400000003],
              [103.88301300000006, 22.351893000000075],
              [103.88300000000004, 22.351774000000034],
              [103.88302800000008, 22.35164800000007],
              [103.88318700000008, 22.351473000000055],
              [103.88335100000006, 22.35130300000003],
              [103.88336900000007, 22.351229000000046],
              [103.88335200000006, 22.351176000000066],
              [103.88327800000008, 22.351114000000052],
              [103.88299300000006, 22.35099400000007],
              [103.88286200000005, 22.35092700000007],
              [103.88279700000004, 22.35083700000007],
              [103.88278100000008, 22.35067300000003],
              [103.88278200000008, 22.350636000000065],
              [103.88277400000004, 22.350428000000022],
              [103.88272600000005, 22.350321000000065],
              [103.88260400000007, 22.350243000000034],
              [103.88240600000006, 22.35018800000006],
              [103.88233200000008, 22.35016900000005],
              [103.88210400000008, 22.350108000000034],
              [103.88189300000005, 22.350033000000053],
              [103.88178900000008, 22.349939000000063],
              [103.88176800000008, 22.34982800000006],
              [103.88177000000007, 22.349757000000068],
              [103.88177800000005, 22.349500000000035],
              [103.88183000000004, 22.34919300000007],
              [103.88184400000006, 22.349139000000037],
              [103.88186200000007, 22.34909200000004],
              [103.88211900000005, 22.34862700000008],
              [103.88216100000005, 22.348478000000057],
              [103.88216100000005, 22.34844000000004],
              [103.88208300000008, 22.34807900000004],
              [103.88204100000007, 22.347973000000025],
              [103.88202600000005, 22.347950000000026],
              [103.88199700000007, 22.347934000000066],
              [103.88197100000008, 22.347930000000076],
              [103.88193200000006, 22.34793600000006],
              [103.88128700000004, 22.348043000000075],
              [103.88123300000007, 22.34805700000004],
              [103.88115600000003, 22.348087000000078],
              [103.88109900000006, 22.348111000000074],
              [103.88050700000008, 22.348363000000063],
              [103.88033000000007, 22.34843900000004],
              [103.88030000000003, 22.348470000000077],
              [103.88027300000005, 22.348532000000034],
              [103.88019200000008, 22.348879000000068],
              [103.88009300000004, 22.34917800000005],
              [103.87999300000007, 22.34937800000006],
              [103.87986200000006, 22.349480000000028],
              [103.87970400000006, 22.349522000000036],
              [103.87942700000008, 22.349534000000062],
              [103.87939100000006, 22.34953900000005],
              [103.87935300000004, 22.349545000000035],
              [103.87929100000008, 22.34956200000005],
              [103.87920900000006, 22.349577000000068],
              [103.87905100000006, 22.349600000000066],
              [103.87857100000008, 22.34967000000006],
              [103.87819000000007, 22.349744000000044],
              [103.87797200000006, 22.34980100000007],
              [103.87781700000005, 22.34987600000005],
              [103.87758000000008, 22.350060000000042],
              [103.87719400000009, 22.35054800000006],
              [103.87703700000009, 22.350750000000062],
              [103.87695200000007, 22.35090400000007],
              [103.87691300000006, 22.35093900000004],
              [103.87689700000004, 22.350951000000066],
              [103.87689700000004, 22.350952000000063],
              [103.87682800000005, 22.35100600000004],
              [103.87665000000004, 22.35114600000003],
              [103.87649400000004, 22.351375000000075],
              [103.87640700000009, 22.351711000000023],
              [103.87625400000007, 22.352135000000033],
              [103.87612500000006, 22.352302000000066],
              [103.87599700000004, 22.35251100000005],
              [103.87584800000008, 22.35289700000004],
              [103.87580400000007, 22.353101000000038],
              [103.87579400000004, 22.35324600000007],
              [103.87580300000008, 22.353357000000074],
              [103.87578100000007, 22.35343800000004],
              [103.87571100000008, 22.35355400000003],
              [103.87571000000008, 22.35355400000003],
              [103.87570800000009, 22.353557000000023],
              [103.87555800000007, 22.35363200000006],
              [103.87540200000007, 22.353666000000032],
              [103.87517300000007, 22.353810000000067],
              [103.87495600000005, 22.35395500000004],
              [103.87493700000005, 22.353968000000066],
              [103.87470100000007, 22.35410100000007],
              [103.87447700000007, 22.354311000000052],
              [103.87428800000004, 22.354437000000075],
              [103.87402300000008, 22.354628000000048],
              [103.87382200000008, 22.354753000000073],
              [103.87376300000005, 22.35481500000003],
              [103.87376000000006, 22.354819000000077],
              [103.87368000000004, 22.354904000000033],
              [103.87340800000004, 22.355207000000064],
              [103.87318300000004, 22.355492000000027],
              [103.87313200000006, 22.355562000000077],
              [103.87289600000008, 22.356067000000053],
              [103.87287400000008, 22.356243000000063],
              [103.87296400000008, 22.356531000000075],
              [103.87308400000006, 22.356947000000048],
              [103.87322100000006, 22.357159000000024],
              [103.87324700000005, 22.357226000000026],
              [103.87339200000008, 22.357403000000033],
              [103.87355800000006, 22.357683000000065],
              [103.87362000000007, 22.357803000000047],
              [103.87362600000006, 22.357859000000076],
              [103.87360900000004, 22.357886000000065],
              [103.87357500000007, 22.35789600000004],
              [103.87351500000005, 22.357901000000027],
              [103.87338200000005, 22.35792200000003],
              [103.87327800000008, 22.35794100000004],
              [103.87286900000004, 22.358085000000074],
              [103.87262700000008, 22.358254000000045],
              [103.87260600000008, 22.358321000000046],
              [103.87261700000005, 22.358480000000043],
              [103.87266100000005, 22.358658000000048],
              [103.87274200000007, 22.358933000000036],
              [103.87287400000008, 22.35915700000004],
              [103.87294300000008, 22.35927300000003],
              [103.87296700000007, 22.359384000000034],
              [103.87289600000008, 22.359488000000056],
              [103.87281000000007, 22.359541000000036],
              [103.87277100000006, 22.35959500000007],
              [103.87275100000005, 22.35973000000007],
              [103.87273100000004, 22.359864000000073],
              [103.87262400000009, 22.360051000000055],
              [103.87257200000005, 22.360109000000023],
              [103.87253900000007, 22.360122000000047],
              [103.87234900000004, 22.36016900000004],
              [103.87230400000004, 22.36017700000008],
              [103.87217400000009, 22.360201000000075],
              [103.87208600000008, 22.360277000000053],
              [103.87209100000007, 22.36031500000007],
              [103.87212300000004, 22.360367000000053],
              [103.87224800000007, 22.360565000000065],
              [103.87233000000003, 22.360705000000053],
              [103.87243100000006, 22.360877000000073],
              [103.87242600000008, 22.36089400000003],
              [103.87240400000007, 22.360982000000035],
              [103.87232100000006, 22.361034000000075],
              [103.87225500000005, 22.361033000000077],
              [103.87208000000004, 22.36101800000006],
              [103.87205500000005, 22.361016000000063],
              [103.87193600000006, 22.36100700000003],
              [103.87184900000005, 22.361011000000076],
              [103.87176100000005, 22.361054000000024],
              [103.87170400000008, 22.361173000000065],
              [103.87172800000008, 22.361297000000036],
              [103.87182300000006, 22.36151300000006],
              [103.87182900000005, 22.361527000000024],
              [103.87185600000004, 22.36161100000004],
              [103.87199500000008, 22.362050000000067],
              [103.87204400000007, 22.362246000000027],
              [103.87201800000008, 22.36239400000005],
              [103.87196100000006, 22.362433000000067],
              [103.87190900000007, 22.36247000000003],
              [103.87182100000007, 22.36250700000005],
              [103.87174400000004, 22.362502000000063],
              [103.87150900000006, 22.36237600000004],
              [103.87140100000005, 22.362370000000055],
              [103.87139200000007, 22.362373000000048],
              [103.87128300000006, 22.36239800000004],
              [103.87119400000006, 22.362517000000025],
              [103.87100500000008, 22.363061000000073],
              [103.87092100000007, 22.363270000000057],
              [103.87074000000007, 22.36337000000003],
              [103.87070100000005, 22.363365000000044],
              [103.87050400000004, 22.36334400000004],
              [103.87017600000007, 22.363203000000055],
              [103.86984500000005, 22.362928000000068],
              [103.86961000000008, 22.362707000000057],
              [103.86948200000006, 22.362672000000032],
              [103.86936800000007, 22.362700000000075],
              [103.86932200000007, 22.362767000000076],
              [103.86932600000006, 22.362788000000023],
              [103.86934100000008, 22.362858000000074],
              [103.86953100000005, 22.362979000000053],
              [103.86957700000005, 22.363008000000036],
              [103.86988300000007, 22.363316000000054],
              [103.87001500000008, 22.363460000000032],
              [103.87017400000008, 22.36355700000007],
              [103.87043400000005, 22.363702000000046],
              [103.87056700000005, 22.363865000000033],
              [103.87057000000004, 22.36404200000004],
              [103.87056900000005, 22.364248000000032],
              [103.87060400000007, 22.36430100000007],
              [103.87065100000007, 22.364306000000056],
              [103.87076900000005, 22.36432300000007],
              [103.87087500000007, 22.36432300000007],
              [103.87089700000007, 22.36432300000007],
              [103.87095900000008, 22.36433900000003],
              [103.87105100000008, 22.364347000000066],
              [103.87118400000008, 22.364386000000025],
              [103.87123500000007, 22.364449000000036],
              [103.87123500000007, 22.364506000000063],
              [103.87122400000004, 22.36453400000005],
              [103.87116100000009, 22.364549000000068],
              [103.87112100000007, 22.364558000000045],
              [103.87092100000007, 22.36455600000005],
              [103.87059700000003, 22.364549000000068],
              [103.87037200000003, 22.364490000000046],
              [103.87019800000007, 22.36438400000003],
              [103.87008000000009, 22.364378000000045],
              [103.86997100000008, 22.364459000000068],
              [103.86991900000004, 22.36453000000006],
              [103.86991300000005, 22.364602000000048],
              [103.87003100000004, 22.364674000000036],
              [103.87022400000006, 22.36476300000004],
              [103.87030700000008, 22.364801000000057],
              [103.87039900000008, 22.364892000000054],
              [103.87039800000008, 22.364978000000065],
              [103.87036200000006, 22.365016000000026],
              [103.87028500000008, 22.365039000000024],
              [103.87024300000007, 22.365030000000047],
              [103.87013600000006, 22.365005000000053],
              [103.86998300000005, 22.364919000000043],
              [103.86980900000003, 22.364821000000063],
              [103.86978700000009, 22.364806000000044],
              [103.86953800000003, 22.364633000000026],
              [103.86951100000005, 22.364614000000074],
              [103.86946100000006, 22.364580000000046],
              [103.86940000000004, 22.36457900000005],
              [103.86930100000006, 22.36463100000003],
              [103.86926400000004, 22.364769000000024],
              [103.86927300000008, 22.364989000000037],
              [103.86925100000008, 22.365109000000075],
              [103.86917900000009, 22.365175000000022],
              [103.86898900000006, 22.36518300000006],
              [103.86863500000004, 22.365132000000074],
              [103.86861000000005, 22.365131000000076],
              [103.86859000000004, 22.36512700000003],
              [103.86829500000005, 22.365107000000023],
              [103.86822800000004, 22.365140000000054],
              [103.86820700000004, 22.365192000000036],
              [103.86820700000004, 22.36526900000007],
              [103.86829900000004, 22.365351000000032],
              [103.86849300000006, 22.365414000000044],
              [103.86853900000006, 22.365472000000068],
              [103.86853900000006, 22.36553900000007],
              [103.86850700000008, 22.365615000000048],
              [103.86844700000006, 22.365657000000056],
              [103.86838000000006, 22.365665000000035],
              [103.86832100000004, 22.365662000000043],
              [103.86824900000005, 22.365621000000033],
              [103.86823300000003, 22.365601000000026],
              [103.86821200000009, 22.36560600000007],
              [103.86811900000004, 22.365615000000048],
              [103.86804700000005, 22.365616000000045],
              [103.86803300000008, 22.365616000000045],
              [103.86804000000006, 22.365630000000067],
              [103.86805600000008, 22.365732000000037],
              [103.86803500000008, 22.365887000000043],
              [103.86798700000008, 22.366026000000033],
              [103.86795300000006, 22.366123000000073],
              [103.86786700000005, 22.366472000000044],
              [103.86784900000004, 22.366675000000043],
              [103.86787300000009, 22.366872000000058],
              [103.86795200000006, 22.367088000000024],
              [103.86797700000005, 22.36716000000007],
              [103.86802100000006, 22.367229000000066],
              [103.86808000000008, 22.367398000000037],
              [103.86808100000007, 22.36740100000003],
              [103.86812900000007, 22.36753200000004],
              [103.86819300000008, 22.36772600000006],
              [103.86822800000004, 22.367834000000073],
              [103.86829800000004, 22.36801900000006],
              [103.86835700000006, 22.368175000000065],
              [103.86837200000008, 22.368280000000027],
              [103.86837000000008, 22.368345000000033],
              [103.86836800000003, 22.36840200000006],
              [103.86836300000004, 22.368671000000063],
              [103.86836100000005, 22.368934000000024],
              [103.86841100000004, 22.369048000000078],
              [103.86841800000008, 22.369053000000065],
              [103.86842200000007, 22.369062000000042],
              [103.86847200000005, 22.369095000000073],
              [103.86851100000007, 22.369120000000066],
              [103.86851400000006, 22.36912200000006],
              [103.86852900000008, 22.36912600000005],
              [103.86863300000005, 22.369151000000045],
              [103.86873900000006, 22.36917200000005],
              [103.86877600000008, 22.36918000000003],
              [103.86877800000008, 22.36918000000003],
              [103.86878000000007, 22.369182000000023],
              [103.86884000000003, 22.36920900000007],
              [103.86898700000006, 22.369339000000025],
              [103.86906600000003, 22.369435000000067],
              [103.86916500000007, 22.369621000000052],
              [103.86922300000003, 22.369887000000062],
              [103.86923600000006, 22.369950000000074],
              [103.86922200000004, 22.36995900000005],
              [103.86898300000007, 22.37046900000007],
              [103.86749200000008, 22.37365600000004],
              [103.86713000000009, 22.374045000000024],
              [103.86625200000009, 22.374989000000028],
              [103.86567500000007, 22.375609000000054],
              [103.86301500000008, 22.379216000000042],
              [103.86301300000008, 22.379219000000035],
              [103.85823500000004, 22.379027000000065],
              [103.85119700000007, 22.378747000000033],
              [103.85112000000004, 22.37874400000004],
              [103.85111100000006, 22.378743000000043],
              [103.85100200000005, 22.37859000000003],
              [103.85065800000007, 22.378104000000064],
              [103.85035400000004, 22.37768200000005],
              [103.84949700000004, 22.37677000000008],
              [103.84816100000006, 22.376191000000063],
              [103.84708700000004, 22.375726000000043],
              [103.84694500000006, 22.375665000000026],
              [103.84660200000008, 22.37551600000006],
              [103.84653700000007, 22.375488000000075],
              [103.84627600000005, 22.375364000000047],
              [103.84570700000006, 22.37511500000005],
              [103.84467600000005, 22.37505900000008],
              [103.84467500000005, 22.375041000000067],
              [103.84465600000004, 22.37500300000005],
              [103.84459500000008, 22.374956000000054],
              [103.84451900000005, 22.37492000000003],
              [103.84446600000007, 22.37491300000005],
              [103.84443000000005, 22.374922000000026],
              [103.84441200000003, 22.37495700000005],
              [103.84439500000008, 22.37501700000007],
              [103.84437000000008, 22.375041000000067],
              [103.84398500000003, 22.375022000000058],
              [103.84394000000003, 22.375027000000046],
              [103.84384400000005, 22.375039000000072],
              [103.84382900000008, 22.375038000000075],
              [103.84366500000004, 22.375054000000034],
              [103.84353100000004, 22.37505900000008],
              [103.84343400000006, 22.375050000000044],
              [103.84337000000005, 22.375057000000027],
              [103.84330900000003, 22.375091000000054],
              [103.84328400000004, 22.375103000000024],
              [103.84324500000008, 22.375122000000033],
              [103.84318900000005, 22.375128000000075],
              [103.84301100000005, 22.375135000000057],
              [103.84289700000005, 22.375128000000075],
              [103.84256700000009, 22.375103000000024],
              [103.84218300000003, 22.374974000000066],
              [103.84193300000004, 22.374937000000045],
              [103.84172700000005, 22.374953000000062],
              [103.84157200000004, 22.375030000000038],
              [103.84143000000006, 22.375190000000032],
              [103.84124900000006, 22.37529600000005],
              [103.84096500000004, 22.37537800000007],
              [103.84062500000005, 22.375387000000046],
              [103.84030400000006, 22.37538500000005],
              [103.83997700000003, 22.375317000000052],
              [103.83965600000005, 22.375219000000072],
              [103.83950200000004, 22.375212000000033],
              [103.83916100000005, 22.37525100000005],
              [103.83849200000009, 22.37537800000007],
              [103.83817700000009, 22.37540000000007],
              [103.83776200000005, 22.375263000000075],
              [103.83768700000007, 22.375158000000056],
              [103.83766600000007, 22.375129000000072],
              [103.83762000000007, 22.37505600000003],
              [103.83755900000006, 22.375023000000056],
              [103.83754100000004, 22.375020000000063],
              [103.83736900000008, 22.374997000000064],
              [103.83724100000006, 22.374896000000035],
              [103.83711900000009, 22.374694000000034],
              [103.83700200000004, 22.374536000000035],
              [103.83691600000009, 22.374449000000027],
              [103.83671700000008, 22.374304000000052],
              [103.83650700000004, 22.374140000000068],
              [103.83639900000009, 22.374052000000063],
              [103.83627300000006, 22.373902000000044],
              [103.83623000000006, 22.37383200000005],
              [103.83620900000005, 22.373798000000022],
              [103.83608200000003, 22.37371100000007],
              [103.83587400000005, 22.37367400000005],
              [103.83545200000003, 22.373534000000063],
              [103.83514900000006, 22.373342000000036],
              [103.83485400000006, 22.37308500000006],
              [103.83463200000006, 22.37289000000004],
              [103.83453500000007, 22.372813000000065],
              [103.83451800000006, 22.372803000000033],
              [103.83411900000004, 22.37254500000006],
              [103.83360500000003, 22.37216200000006],
              [103.83337200000005, 22.371946000000037],
              [103.83303500000005, 22.371703000000025],
              [103.83298400000007, 22.37165200000004],
              [103.83280300000007, 22.371496000000036],
              [103.83251100000007, 22.371249000000034],
              [103.83237000000008, 22.371105000000057],
              [103.83218000000005, 22.370858000000055],
              [103.83202800000004, 22.37058200000007],
              [103.83187700000008, 22.370217000000025],
              [103.83183200000008, 22.36997400000007],
              [103.83179700000005, 22.369610000000023],
              [103.83169900000007, 22.36934400000007],
              [103.83153900000008, 22.369142000000068],
              [103.83137000000005, 22.369048000000078],
              [103.83105000000006, 22.36896900000005],
              [103.83087600000005, 22.368877000000055],
              [103.83040000000005, 22.368629000000055],
              [103.83002700000009, 22.368450000000053],
              [103.82948000000005, 22.368135000000052],
              [103.82908100000009, 22.367879000000073],
              [103.82893800000005, 22.36773900000003],
              [103.82888200000008, 22.367611000000068],
              [103.82886300000007, 22.367504000000054],
              [103.82886400000007, 22.367372000000046],
              [103.82888500000007, 22.36724300000003],
              [103.82870700000007, 22.367328000000043],
              [103.82851000000005, 22.367384000000072],
              [103.82833100000005, 22.367398000000037],
              [103.82830600000005, 22.367400000000032],
              [103.82807400000007, 22.367474000000072],
              [103.82800900000007, 22.367499000000066],
              [103.82765300000005, 22.367639000000054],
              [103.82739700000008, 22.367777000000046],
              [103.82725000000005, 22.36781200000007],
              [103.82686800000005, 22.367906000000062],
              [103.82666300000005, 22.367926000000068],
              [103.82639800000004, 22.367924000000073],
              [103.82622000000003, 22.36793300000005],
              [103.82603100000006, 22.368007000000034],
              [103.82599000000005, 22.368026000000043],
              [103.82570200000004, 22.36815500000006],
              [103.82545000000005, 22.368254000000036],
              [103.82522200000005, 22.368378000000064],
              [103.82485100000008, 22.36851500000006],
              [103.82439500000004, 22.36868000000004],
              [103.82418200000006, 22.368790000000047],
              [103.82403500000004, 22.368956000000026],
              [103.82395500000007, 22.36902200000003],
              [103.82382600000005, 22.369062000000042],
              [103.82373700000005, 22.369117000000074],
              [103.82357300000007, 22.36928800000004],
              [103.82339600000006, 22.36948700000005],
              [103.82327700000008, 22.369601000000046],
              [103.82315300000005, 22.369677000000024],
              [103.82311500000009, 22.369680000000074],
              [103.82289600000007, 22.369698000000028],
              [103.82267500000006, 22.369703000000072],
              [103.82254700000004, 22.369732000000056],
              [103.82239400000009, 22.369758000000047],
              [103.82227100000006, 22.36971600000004],
              [103.82215400000007, 22.369657000000075],
              [103.82199100000008, 22.36964800000004],
              [103.82177700000005, 22.369737000000043],
              [103.82159100000007, 22.369791000000077],
              [103.82140100000004, 22.369792000000075],
              [103.82120500000008, 22.369799000000057],
              [103.82106500000003, 22.369827000000043],
              [103.82106200000004, 22.369827000000043],
              [103.82103700000005, 22.369934000000057],
              [103.82103300000006, 22.369987000000037],
              [103.82102400000008, 22.37009900000004],
              [103.82103000000006, 22.370165000000043],
              [103.82096800000005, 22.37022500000006],
              [103.82085600000005, 22.370291000000066],
              [103.82074800000004, 22.37032700000003],
              [103.82057900000007, 22.370388000000048],
              [103.82034700000008, 22.370443000000023],
              [103.82018700000003, 22.37047000000007],
              [103.82004300000006, 22.370434000000046],
              [103.81966600000004, 22.370802000000026],
              [103.81946400000004, 22.371019000000047],
              [103.81944000000004, 22.371046000000035],
              [103.81921800000003, 22.37145000000004],
              [103.81880300000006, 22.371901000000037],
              [103.81830400000007, 22.372382000000073],
              [103.81800600000008, 22.37264200000004],
              [103.81780000000003, 22.372701000000063],
              [103.81738300000006, 22.372704000000056],
              [103.81684400000006, 22.372610000000066],
              [103.81647800000007, 22.372524000000055],
              [103.81629200000003, 22.372528000000045],
              [103.81608600000004, 22.372569000000055],
              [103.81572500000004, 22.372722000000067],
              [103.81569900000005, 22.37273300000004],
              [103.81546700000007, 22.37284500000004],
              [103.81533100000007, 22.37299900000005],
              [103.81526500000007, 22.373178000000053],
              [103.81520600000005, 22.373309000000063],
              [103.81515400000006, 22.373380000000054],
              [103.81493500000005, 22.37348000000003],
              [103.81479300000007, 22.373545000000036],
              [103.81474600000007, 22.37356200000005],
              [103.81450300000006, 22.373651000000052],
              [103.81411000000008, 22.373833000000047],
              [103.81374500000004, 22.37404200000003],
              [103.81372400000004, 22.374054000000058],
              [103.81350700000007, 22.374203000000023],
              [103.81297900000004, 22.374672000000032],
              [103.81241200000005, 22.375024000000053],
              [103.81206600000007, 22.375275000000045],
              [103.81174800000008, 22.37552000000005],
              [103.81131300000004, 22.375811000000056],
              [103.81115800000003, 22.375914000000023],
              [103.81085700000006, 22.376225000000034],
              [103.81079100000005, 22.376320000000078],
              [103.81063700000004, 22.37663800000007],
              [103.81061800000003, 22.37667700000003],
              [103.81061800000003, 22.376682000000073],
              [103.81055700000007, 22.376820000000066],
              [103.81053300000008, 22.376934000000062],
              [103.81053200000008, 22.37709200000006],
              [103.81042600000006, 22.377313000000072],
              [103.81011400000006, 22.377695000000074],
              [103.80967400000009, 22.378244000000052],
              [103.80956100000009, 22.378386000000035],
              [103.80935000000005, 22.378700000000038],
              [103.80922900000007, 22.378743000000043],
              [103.80914200000007, 22.37883400000004],
              [103.80900900000006, 22.378933000000075],
              [103.80886700000008, 22.379013000000043],
              [103.80874100000005, 22.379109000000028],
              [103.80870900000008, 22.379206000000067],
              [103.80866200000008, 22.379336000000023],
              [103.80859600000008, 22.379492000000027],
              [103.80850500000008, 22.37980600000003],
              [103.80849500000005, 22.379819000000055],
              [103.80837300000007, 22.379729000000054],
              [103.80823800000007, 22.379665000000045],
              [103.80808600000006, 22.379647000000034],
              [103.80789500000009, 22.37970800000005]
            ]
          ]
        ]
      }
    }
  ]
}
